﻿<?xml version="1.0"?>
<doc>
<assembly>
<name>
Thermodynamic
</name>
</assembly>
<members>
<member name="T:Thermodynamic.My.Resources.Resources">
<summary>
  Класс ресурса со строгой типизацией для поиска локализованных строк и т.д.
</summary>
</member>
<member name="P:Thermodynamic.My.Resources.Resources.ResourceManager">
<summary>
  Возвращает кэшированный экземпляр ResourceManager, использованный этим классом.
</summary>
</member>
<member name="P:Thermodynamic.My.Resources.Resources.Culture">
<summary>
  Перезаписывает свойство CurrentUICulture текущего потока для всех
  обращений к ресурсу с помощью этого класса ресурса со строгой типизацией.
</summary>
</member>
<member name="P:Thermodynamic.My.Resources.Resources.about">
<summary>
  Поиск локализованного ресурса типа System.Drawing.Bitmap.
</summary>
</member>
<member name="P:Thermodynamic.My.Resources.Resources.clear">
<summary>
  Поиск локализованного ресурса типа System.Drawing.Bitmap.
</summary>
</member>
<member name="P:Thermodynamic.My.Resources.Resources.excel">
<summary>
  Поиск локализованного ресурса типа System.Drawing.Bitmap.
</summary>
</member>
<member name="P:Thermodynamic.My.Resources.Resources.excelicon">
<summary>
  Поиск локализованного ресурса типа System.Drawing.Bitmap.
</summary>
</member>
<member name="P:Thermodynamic.My.Resources.Resources.exit22">
<summary>
  Поиск локализованного ресурса типа System.Drawing.Bitmap.
</summary>
</member>
<member name="P:Thermodynamic.My.Resources.Resources.graph">
<summary>
  Поиск локализованного ресурса типа System.Drawing.Bitmap.
</summary>
</member>
<member name="P:Thermodynamic.My.Resources.Resources.line">
<summary>
  Поиск локализованного ресурса типа System.Drawing.Bitmap.
</summary>
</member>
<member name="P:Thermodynamic.My.Resources.Resources.logo">
<summary>
  Поиск локализованного ресурса типа System.Drawing.Bitmap.
</summary>
</member>
</members>
</doc>
